,repository_name,language
0,AccessAuthClientWS,Java
1,app_curency,Dart
2,Client-PD-P3,Java
3,CursoPythonFlask,Python
4,cursos-alura-ansible,Jinja
5,curso_requests_api,Jupyter Notebook
6,dapp-sign-on,
7,Decorator-Pattern-PDS,Java
8,flutter_contador,
9,f_imc_ex,
10,iRecycle,Java
11,lab-SA-assist,JavaScript
12,linguagens-utilizadas,
13,lista_tarefas,Dart
14,Lixeira,Java
15,Lixeira2,Java
16,LixeiraInt,Java
17,MonitorAmbiental,Java
18,MonitorAmbientalCidade,Java
19,my-vscode-settings,
20,novosga-2.1.0,PHP
21,novosga-docker,Dockerfile
22,novosga-panel-app,JavaScript
23,PD-P3,Python
24,PensamentoComputacional2018,C
25,ProjetoAmbientalHub,CSS
26,ProjetoAmbientalRMI,Java
27,ProjetoAmbientalSensores,Java
28,ProjetoAmbientalSubscriber1,Java
29,ProjetoAmbientalSubscriber2,Java
30,ProjetoAmbientalSubscriber3,Java
31,ProjetoAmbientalSubscriber4,Java
32,ProjetoAmbientalWebService,Java
33,ProjetoMonitoramentoAmbiental,Java
34,RMIAuthClient,
35,scaffold_exemplo,Dart
36,Segmentation,Java
37,SmartPlace,
38,stack_exemplo,Dart
39,supply-chain-simulation-environment,
40,Temp,JavaScript
41,Topicos-ES-I,
42,TrabalhoAED,C
43,udm_import,
44,user_import_csv,
45,yolnp,
